0_id,0_name,1_id,1_name,2_id,2_name,fkID
1,oULB8qG9qT,2,DsaGaforkM,3,TJnkqU6Bbq,json_example_1
1,7hGlUmV0r4,2,1xR4KyRlHu,3,w1Bze0QEa4,json_example_10
1,qFEPEY89aw,2,SX5OfPhfiC,3,37rAfKB26X,json_example_2
1,JzJWCzS9oV,2,9cQrJNxeiS,3,zaUlqmWGPh,json_example_3
1,QHJFlH4Yz0,2,nFr59nXvlK,3,iC3UJpycBr,json_example_4
1,Nb30n2YXlE,2,btx8wcMgnp,3,qnr86fYfyx,json_example_5
1,tvofv8W2ve,2,rZUFStoEsq,3,U9eJ4GW2MT,json_example_6
1,XVmf9EC81U,2,axWSpTB9qr,3,j389jZ6Dh5,json_example_7
1,CA4rbGpxdq,2,rDUxbspQXq,3,KoXAWiodvu,json_example_8
1,hzG00volJF,2,htQnbBRK1P,3,ViBBNMIMN9,json_example_9
